vector_sim	direction_sim	length_sim	position_sim	duration_sim
0.9872695801615643	0.6446049600313851	0.9812655005722717	0.8500397310740124	0.46384905797272435
0.9911658152881065	0.6545320381291715	0.9876293346075486	0.9112415975068237	0.4051480365903781
0.9900412457100148	0.6715816590422714	0.9867896019807468	0.9022888536078577	0.4078469516872293
0.9855623017198544	0.6428265570227919	0.9816214096725526	0.8806110295979771	0.5056167310331873
0.9894220803409581	0.6673296212651711	0.9848825366723246	0.8583749959021417	0.511055102689893
0.9905691628246753	0.6544007078375634	0.9874770763323112	0.8961914626239478	0.5078608446876633
0.9819888707849772	0.7080542800085898	0.9754515028890093	0.887824385323791	0.5486358184379337
0.979777071577248	0.7249237515429763	0.9732832834895037	0.8856209184184428	0.5466218006188192
0.990705230478237	0.6666169693721099	0.9875569017891913	0.8650049249239896	0.5243411979129345
0.9808647799941996	0.7657175509892257	0.9752287440645555	0.871827713485509	0.5812441556508469
0.9872456356027706	0.6307435670064405	0.9831888387758418	0.8887789694961414	0.5084374032035978
0.9842502714858483	0.6949185047137995	0.9812448451621065	0.8817485444429942	0.5286380858283117
0.9906827709606018	0.6655796125097769	0.9872554133275856	0.890063087141786	0.49958094107914974
0.9877381440038466	0.6411979408643862	0.983355208377774	0.8524365042349513	0.5047751365226341
0.9923969387183644	0.6332015416300708	0.9891286407118144	0.8458340293826746	0.4664952611166973
0.9909048619019114	0.6364173712987561	0.986786497169003	0.8914951454465441	0.4670180725317025
0.9932369351055637	0.6303730121191982	0.9903062312668836	0.8408511152370998	0.5310107967973587
0.9891249201633006	0.6584960798348879	0.9858390842722778	0.9101009240718139	0.5001348003490654
0.9928426551984939	0.6410426453742358	0.9903397992456382	0.8965286075642063	0.45219352830334025
0.9928353243916056	0.6380272598078955	0.9902856620278176	0.9012739947012297	0.4570099196183362
0.992266947207376	0.6211891514066543	0.9885683882258967	0.8596480947776421	0.5077307721140589
0.9931249263359726	0.6425676103615144	0.9902564343670625	0.8953433404255483	0.44488138321190973
0.9865417938156726	0.6373570441119044	0.9819842723420621	0.859851533080529	0.4684653698335098
0.9896227817016785	0.6465565385717968	0.9860782074855582	0.8421191863393717	0.47235477234286405
0.9876357821036871	0.6417786284252173	0.9819842822766659	0.8312132589247028	0.49612575676590265
0.9884925788203383	0.6520030026680075	0.9838783416725002	0.8865426167135791	0.4256905732567801
0.9887827824801949	0.67512305754853	0.9842207855110107	0.8597763320309544	0.5159951806291372
0.9889353206600854	0.668688802000377	0.98542402361476	0.8439692188086896	0.5503704953090266
0.9852695736594085	0.638522871317719	0.9806728218541508	0.8505599786302176	0.5301552411460321
0.9925445083391894	0.614614511845542	0.9893587439111192	0.8566081736746508	0.47159343812438426
0.9869764630185444	0.6208794869128339	0.9822953063734887	0.8281511416706167	0.4987400761207255
0.9853850039370959	0.676767945165294	0.97939686394019	0.8541867048824748	0.4789654737844886
0.989105064590368	0.5929261118093092	0.9854239403345753	0.8702927480310114	0.42304246151317576
0.9909690906964256	0.6664647345705978	0.9877111857613499	0.8839492488334095	0.477975521840408
0.9893727809439222	0.6364137370386981	0.9855196436309708	0.8635260466401746	0.4595564197168202
0.9913555050388916	0.6206138116629366	0.9882169289417582	0.8656713117098817	0.45184035374815856
0.9824382988825381	0.6297604602760238	0.9759631906512248	0.8005720051553412	0.45053069447393146
0.99420240741136	0.630519451029497	0.992023983067927	0.9193806825199756	0.4559105586997391
0.9929214818784248	0.6187828809485313	0.990149352309233	0.8422688585609998	0.49440290765380773
0.9925303308538708	0.6398166078363356	0.9897579732036365	0.9329614278753265	0.5003844026047454
0.9906158501295138	0.6330533415659291	0.9873411266509442	0.878553977094962	0.5250216566453261
0.9713378995869262	0.6948598848577996	0.9648007321538415	0.8396438408974453	0.5838815041427637
0.9882878853694219	0.6500560466376228	0.9846470513594966	0.8920642970727399	0.5244051192695433
0.9894461115445826	0.6804371386532938	0.9862575387026238	0.8752739733534566	0.5186336010899213
0.9895023027033152	0.6381595428298004	0.9858682503744296	0.8492208827305098	0.5085268519477733
0.9892061285096388	0.6384246530045798	0.9851134575434305	0.8698897367220463	0.3741527763081085
0.9906262122434049	0.6426377884990063	0.9859750389230735	0.8807880705584039	0.5182972494262162
0.9915195314678853	0.6597680205520287	0.9878827014960736	0.88197145530453	0.4378505155166185
0.9892469331666794	0.6715504783301633	0.9856021950996413	0.8418383396239867	0.49785853518608864
0.9903953475140402	0.6576479120474461	0.9866649181367142	0.8828492972705455	0.4474025984190444
0.9909150131149376	0.6304015621274703	0.9870918335064648	0.8970052448035258	0.46348227039254974
0.98739509205984	0.651795612732362	0.9836248995459497	0.8836917018066148	0.4419230219108053
0.9878455068406492	0.7028526476541178	0.983214731108515	0.8551895603816697	0.4900934051696877
0.9886837617776092	0.7004224408899559	0.9840259011639595	0.891802371754915	0.5479726632475163
0.992476794981948	0.6447163281062847	0.9890288643228075	0.8715466981241567	0.5128186559213589
0.9900025946657589	0.6540801971278841	0.9863199437889656	0.8461708022922233	0.5431054831825142
0.9918357346809599	0.6618050713942237	0.9888739961484373	0.9355677278046411	0.4531245175225812
0.993011132663472	0.648430038396658	0.9905431960395412	0.8795847269875824	0.4582851499916338
0.9889342902152407	0.646233254110682	0.9842120306730463	0.8535635387776969	0.5388716411663852
0.9834565033237943	0.7089507648431415	0.9783519964591751	0.8596995686284554	0.5824257495334039
0.9870009353461477	0.6856523612126183	0.9830016220407547	0.8998001849632294	0.49147619951193117
0.9886906872988882	0.7150626512232865	0.9853103046279789	0.8923651844791879	0.5939861573749281
0.9916998123937428	0.6564048195940827	0.9889435294612058	0.9234215594621994	0.5176602818011563
0.9929845996219869	0.6305264358075698	0.9907798096560128	0.8881267839042596	0.531971487418433
0.9924618298980048	0.63954802583697	0.9895941929522921	0.9023973216512522	0.5109253147330239
0.9907757110286345	0.6398106556302752	0.9881215092469974	0.9133825608463866	0.5802632384788831
0.9931616156056635	0.6469925798542144	0.9909978400018853	0.921403622462091	0.5270137632038929
0.9909214677034633	0.6828974589950372	0.987954470114402	0.91888228159298	0.5148136941827689
0.9912318583517714	0.7186945143574396	0.9884912001735756	0.936901659807092	0.5349907040067892
0.9918719577824582	0.6962390585336155	0.9887325448422263	0.9044106736852342	0.45970523173830435
0.9903440550446724	0.6573139397223542	0.986264172201802	0.9134912325099976	0.40770643463076794
0.9910732900700493	0.6418232753486435	0.9881903124024615	0.8628932246524127	0.47616439506415836
0.9908285010900156	0.658553709454808	0.9872962676092868	0.8898060103819019	0.49564470826688944
0.9876771820738325	0.7183484391801502	0.9825439302422557	0.8976041727305774	0.5367862646024718
0.983444954837905	0.672702925502464	0.9777637492546464	0.8430310652990237	0.5377915899330149
0.989799501749161	0.6501225728383165	0.9864758320317849	0.8691181159236947	0.4644611980567633
0.9950036365438022	0.6122861923327102	0.9934241735241902	0.9271990748925214	0.4587646666753573
0.993715312293814	0.6983835639321248	0.9917834083285783	0.9283654771387301	0.48584041971752195
0.9901082290245931	0.6820835168459619	0.9866163002259597	0.8976433818101558	0.47733554703090114
0.9908649618609353	0.6751414359131012	0.9879999387562387	0.9071090912271841	0.49342214276988056
0.9920923582433496	0.6576829238874724	0.9889357804803818	0.909194583020096	0.4645692430474854
0.9901227136334517	0.6666829308571969	0.9863594022454781	0.8200910129592961	0.5045204665695896
0.9923054975837539	0.6398365653174057	0.9894574658962102	0.8666849818160551	0.4980937208973179
0.9920767476943622	0.6146330774323502	0.9886802682756306	0.8978568722378534	0.4417225468197067
0.987287953071165	0.6250632332903772	0.9812266785717099	0.8510019420117554	0.43363977105833545
0.989765140366424	0.677169477231609	0.9862530785871456	0.9057015833398339	0.6060138846967972
0.988706945814377	0.671682599713812	0.9853507469620303	0.8957622203156081	0.5487782157272659
0.9874301672266725	0.7002830533449952	0.9840369580801871	0.889055842977927	0.5485347420107786
0.9897017510495535	0.6562664172506768	0.9860189074751314	0.88792458310275	0.5519124781338953
0.9914369409393637	0.6740715856388413	0.9885610093744737	0.8736920731546235	0.5123551208136842
0.9876512355461662	0.7231931593508351	0.9837250683802573	0.8630144997524263	0.5223035308198822
0.9932835858006577	0.6475210707080178	0.9907628686769765	0.917903351660876	0.42738384886648806
0.994297780016387	0.6438458012423525	0.9924378558831811	0.9132270673779712	0.4330575927435326
0.981487731112681	0.7511578521663915	0.9715397258365701	0.8516530315450404	0.5097047733083677
0.9883400467841515	0.678974820664331	0.9846692176443337	0.8802844714387194	0.5206274765869132
0.9926015633443477	0.6574342351315748	0.9897558662612658	0.9211693817872361	0.49941285862546875
0.9849912906396078	0.6707928314882028	0.9812798773675756	0.8939384627885876	0.5153902995370905
0.9886594875395537	0.6760070903943762	0.9846201492681756	0.9003206670464888	0.4824171736050026
0.98601243003954	0.7037636134994617	0.9805916224669716	0.8804473671410518	0.48173970355747925
0.9902787936671793	0.6692071357125017	0.9875570179882589	0.8768345299189276	0.5705884631738128
0.9909163688740806	0.6588558872484948	0.9880165635962816	0.8583974659775225	0.47543064282800673
0.9856313040975736	0.6374149938656787	0.9798309801966157	0.8048357289931706	0.501648568151446
0.9843979332123428	0.7101842361304264	0.9789812199701456	0.8910154181779791	0.5442991553786608
0.9895380458507372	0.6471284991266044	0.9850201966719297	0.8525373924457378	0.48372063802888743
0.990784872694442	0.6290758411487926	0.9866652348234276	0.88841363454472	0.5249089768330346
0.9912936678097659	0.6701404063186144	0.9875365645294771	0.8733709977504767	0.4728833067583469
0.9913842865577741	0.6628008012928668	0.9886338042640148	0.881208736265602	0.5106724570932599
0.9832208231374299	0.6346394658842438	0.9765798438114083	0.7861150754840859	0.5589338738658857
0.9875241692723391	0.6192418074099736	0.9818104218257351	0.841672997373202	0.48989190245894676
0.9929173053243835	0.6310465004701491	0.990427774570936	0.8854228042759402	0.5044853426361277
0.9934625232844542	0.6394900129876283	0.9908580072998031	0.8901540602142521	0.4838651686292988
0.990254417172356	0.6402836962346485	0.9863268202354977	0.8828506811625342	0.43681745242999165
0.9889731026140249	0.6877055394065295	0.9854349914791596	0.8812788568135964	0.5347378436095545
0.9889366259883333	0.62673347002026	0.9853142539188258	0.7997806746203927	0.5110984940206451
0.989598191158191	0.6443606400554832	0.9861376680661419	0.864053847523604	0.531550740761013
0.9843692335529284	0.6453246765814542	0.9789867275281067	0.8466071105640157	0.49114302701956436
0.9896929179114017	0.6238631681189976	0.9858427484868318	0.8359910015705617	0.4938385154843719
0.990142778412772	0.6317892868901847	0.9870239411049418	0.8946675574636164	0.5124134580045449
0.9875012833607248	0.6486429439501189	0.9831013877890096	0.8133034626549704	0.5075857658649959
0.9908360157774273	0.6618598907596945	0.987603848160136	0.8945051481103459	0.4883010062991737
0.9850562771383833	0.6357836819077252	0.9777342177823133	0.8209151298802849	0.5324314516240546
0.9884091706669956	0.749980983823893	0.9846096908008334	0.9022567940361367	0.5817951895085158
0.9899476844038192	0.6934921460031882	0.9858598057717217	0.865351662863886	0.5576668289456187
0.9929759805744888	0.6273172538478	0.9898998880363947	0.9259547519603379	0.41993233817312403
0.9913051884395128	0.6611938025194721	0.9886930569444756	0.8987479810173231	0.4758127732944747
0.9894166682341085	0.6463270336869789	0.9861843037545323	0.8835957651648662	0.5305525326985524
0.9911750108254759	0.658901757841478	0.9878493811680947	0.8873288154384367	0.4497997257900348
0.9923928845649538	0.6451688316077043	0.9892877185530752	0.9044915606216505	0.503766541227992
0.992544118643106	0.6804599194890183	0.9905867862026078	0.9296381834008691	0.447061009607196
0.9872609448752688	0.660670925837472	0.9828524299770516	0.831745757528525	0.5015249814500881
0.9862727667994705	0.6912774651568193	0.9826365746432031	0.8923710286052567	0.5534566051771508
0.9892468594853089	0.6416975588641045	0.9851336326793516	0.8561558072787414	0.5052172100673277
0.9921201642325399	0.6355340619076338	0.9893565261534081	0.9030539402669202	0.4611739066472141
0.990102192039517	0.6105431506785421	0.9870070111174641	0.8482411984529545	0.41614096843195936
0.9900896270624138	0.6383306660219934	0.9861172412107597	0.7872088095460226	0.43909760717955565
0.9885031354476609	0.6362481813031717	0.9853174461410236	0.864606159405702	0.45053207050656013
0.9883888956525044	0.6497960389955458	0.9853843327685597	0.8703028424720078	0.5318057671207334
0.9894234405082748	0.6789596566853433	0.9855025078484836	0.8922870365826057	0.537655254510904
0.9901137372204452	0.6593085810970488	0.986287357366186	0.8511972067955491	0.5294967502721654
0.9936155103183153	0.6767388538377334	0.9911500648072769	0.9109043309647112	0.5299254905109914
0.993429485554466	0.6191362097620122	0.9910613682070034	0.8404291322740144	0.5269305714210691
0.9886181106891169	0.6265390665459813	0.9858517570553746	0.9129056652918669	0.5136799033177039
0.9924735395103198	0.6468693924975139	0.9900750640288971	0.8791829432082207	0.47074035452552826
0.9923977769684632	0.6428830753612091	0.9895014158666418	0.904741866655268	0.44872533320158525
0.9923935703957023	0.6368132751502261	0.9892682132969702	0.8825784299582579	0.48415067102168796
0.9893489354632278	0.7140943979803305	0.9865166120792289	0.917645441173046	0.5735402879964879
0.9800093945966072	0.7077390149270387	0.9722157251899157	0.7923659416996067	0.5572274504668471
0.9890505048921732	0.6259791270959822	0.9848787813684409	0.8855714845360635	0.4595067138146485
0.9814801479603027	0.700796889897817	0.9765813122569076	0.8720863082349575	0.5364954872045293
0.9896954583831894	0.6607452926630762	0.9866704264737517	0.8583648711518327	0.5126498803970811
0.9931095240217775	0.6412024884167126	0.99039299075278	0.8751303094579402	0.4237909934709063
0.9883754036218515	0.6690617738702278	0.9850977871541295	0.8964309260791858	0.4900406758708435
0.9913395867680066	0.6782835763778957	0.9877061674401444	0.8897115788673648	0.5011499147930568
0.9932533475082567	0.6578440340168997	0.990877299804128	0.9238338139012928	0.4369519209654681
0.9892122042021594	0.6533286202935363	0.985406103653189	0.853202484762388	0.4808024012655481
0.9917334847740836	0.6643956013279041	0.9890097104256784	0.9254282773673532	0.4449748042080277
0.9928342942539898	0.614728420035774	0.9904476451967033	0.9191255994546711	0.4500712765316967
0.9891289746980517	0.6577307063222941	0.9847858164948519	0.890735337330145	0.4862009622468723
0.9909510234770934	0.6284577479061451	0.9875983379592873	0.9071541451031504	0.4478296419345147
0.989940826621879	0.6560369188277627	0.9850280255787635	0.9047157527369333	0.504143512605953
0.9902927987971586	0.6494594578522086	0.9863883386368172	0.864920646558148	0.5294713384391502
0.9901754554877664	0.6500345148804064	0.9865543097690305	0.8507088111592083	0.5213907806192501
0.9902402618656675	0.671848680788255	0.9865062915407122	0.8424147003265493	0.5012803270248369
0.9910507060072299	0.6634575854801608	0.9876454055557026	0.8603525085502294	0.5382901808939459
0.9920659559486099	0.6647718683245271	0.9895013533768202	0.8801467917725823	0.4878728598315875
0.988235308302352	0.6480696240173398	0.9850042228922391	0.850631433689818	0.5263985845979476
0.9914110701553953	0.6360901383379609	0.9888349142267417	0.8756047110428878	0.5397709485285345
0.9885823577508623	0.6216285076065482	0.9835325124502836	0.8817471977665726	0.44162111737943466
0.9912720501942305	0.6149145307379806	0.9885362285788929	0.8762178964386959	0.51566127129179
0.9880813612712241	0.6273226984459741	0.9845335916997657	0.8345483517063214	0.5244454984280451
0.9869441045591199	0.6365567226379656	0.9818618776780376	0.8531319863942551	0.4760120430686143
0.9890218768936639	0.6270365901667387	0.9839983641988044	0.8497608019642752	0.48595362060597136
0.9886228111011515	0.6825067654784828	0.9837721779578543	0.8255622556613325	0.4926548823369203
0.9858107665432662	0.5998499956660623	0.9814637502836162	0.8577489898122045	0.5269144324912559
0.9913899745696138	0.6395790328939382	0.9883168051970106	0.8637831470643593	0.43917934505603123
0.9928238013341032	0.6295602456476805	0.9904121659787962	0.9037435280807044	0.4730926375656487
0.9933415845617612	0.6410046587337417	0.9909097873738294	0.9090273891900381	0.4531497094251187
0.9914037974027112	0.6412324361341852	0.9882830459229812	0.8962255088603667	0.45395383025166625
0.9905873256495702	0.689689090807502	0.9873658874272855	0.8958294285030718	0.4483085151115904
0.9936576403494319	0.6396910480679987	0.9908997409882794	0.8810855567102683	0.443829033463984
0.9894334863185428	0.6182189679729201	0.9850014454549469	0.8285428125710533	0.4629303551824802
0.9917509654984024	0.6594397715192524	0.9885485984508916	0.9072942799422496	0.4522313765670848
0.9878660330784601	0.6677932114740331	0.9830165483744692	0.824509442662896	0.5044007381231707
0.9871613011423942	0.6107608231125776	0.9818975619453583	0.8544338763148835	0.4510478277096328
0.9908125757761803	0.6778039686879005	0.9879608132619759	0.892875833899309	0.49623033303544833
0.9882305272555185	0.6197871457424361	0.9831878135377307	0.8395914615913925	0.5229467000340314
0.9844657666995741	0.6151987043430203	0.975321776631225	0.8580402647014662	0.4164381450161452
0.9882184761672554	0.6827144128674084	0.98452454716119	0.8565708670748986	0.5321887641179466
0.9903917054935775	0.674976730812966	0.9869465794371989	0.8939383880547042	0.47926178880059
0.9884136915709938	0.7150211287581362	0.9836559948790108	0.8450058231375497	0.523745067604808
0.9869076787554001	0.7458498461500388	0.981154085853794	0.8870255841087672	0.5695976098406524
0.9866711080952992	0.6935258970615766	0.9827637242318062	0.9017043662345204	0.5081315507134823
0.9890729518703555	0.6337009788186108	0.9848745061435412	0.8890936990299841	0.5122254188017197
0.9888102998863562	0.6829646027627251	0.9856653038410208	0.8975600196624828	0.5325419270628557
0.9875970447988901	0.6594423180230128	0.9832856711008733	0.8100085321331175	0.5131025787191253
0.9906362461952309	0.6361902285776357	0.9880601407142302	0.8844222692714316	0.5159647568366554
0.9917024760342668	0.6813020989734885	0.9891272669951382	0.9283286866526305	0.49161077507185763
0.9903503887424396	0.673023813273857	0.9861956899573848	0.8762631786179735	0.5541556859342673
0.9902335808727355	0.6714378129556727	0.9867708648477833	0.9317999125092405	0.5287503242686257
0.990398272352215	0.6586828116104448	0.9872759058134758	0.9121264915467864	0.5632230949515618
0.9882396926910106	0.6341039523798185	0.9838210089865084	0.9138198022137933	0.45653014235834594
0.987748539129961	0.7018174488739864	0.9835132856792542	0.8994158435369229	0.542385130823239
0.9819196767107925	0.6883127964197097	0.9768357519860361	0.8685654720376574	0.5521397457573419
0.9911580206349346	0.636220529689391	0.9874116674884287	0.8721016879952133	0.5096809026062518
0.9853707562398064	0.7225357626565495	0.9808740694395451	0.8846633641038553	0.5378043642687288
0.983396120077813	0.6954607737091933	0.9778033250713198	0.8953999481633358	0.5109512760876073
0.9865899848174565	0.6765004613867736	0.9840915916823325	0.9088877440829634	0.5626933025711149
0.9901933884234999	0.651367137138717	0.9856013628787944	0.8659947801068141	0.47776036994238746
0.9814247310186405	0.7234995594649772	0.9740394228773368	0.915557088742191	0.5336989230496699
0.989946006477698	0.6661769811991894	0.9874017458780691	0.924015476713168	0.5318313300567142
0.9908046030591632	0.616970294563399	0.9874392053375038	0.8892377091154159	0.47848195002142596
0.985290151733314	0.6533850556067203	0.9797470260455464	0.8378111580279806	0.5410771130922589
0.9891091462519843	0.654010720131784	0.9844579830416669	0.8735886170910986	0.4786516828069734
0.9870387584942897	0.6810250362828003	0.9819923180976559	0.8958247114475291	0.5546272955148389
0.9876136955195255	0.6583851906467989	0.9831957053199649	0.8498917364808666	0.5354670915389932
0.9920022902129764	0.6315918713630089	0.9884413293707064	0.8459452140579622	0.5541603979696971
0.9892444752203556	0.6669167034227219	0.9849033677573928	0.9051025385461192	0.5319199326332218
0.9833562511808897	0.658824731246896	0.9783429071400147	0.8886815536250284	0.5544001842916612
0.9880524089352454	0.6867550618881791	0.9833851314383127	0.8772472670391568	0.5164745764273709
0.9902160858524033	0.6935609154474852	0.9863018908724144	0.863778939367526	0.5023217112460163
0.9874300414001211	0.7203786503236629	0.982088676223344	0.8928306684343579	0.5422298540815724
0.9852768657277147	0.6164749076376893	0.9794920258255777	0.8347741117349062	0.4527348628683364
0.9835799690633789	0.6995246079460582	0.9770053256319183	0.8297573090679119	0.5189963675352898
0.9904881162853427	0.6268444944324477	0.9863425320148393	0.8473279602224945	0.4649567588353655
0.9903421135524874	0.6260901701645887	0.9866632091792581	0.8930086229915031	0.47543976450982434
0.9915254301464382	0.6178804807390289	0.9874693975507126	0.8141770410611654	0.4766052360803527
0.9876292888957834	0.5994408189823458	0.984211397336101	0.8520530597457995	0.4868573101842839
0.9920645345335615	0.6306669195003365	0.9892359859152225	0.899054119239471	0.45707241613097477
0.9852910475143	0.6427258204352806	0.980068146385264	0.8357600690040569	0.4845784720567087
0.9861374309921845	0.6645349524094892	0.9827021636016706	0.8611089820917961	0.5572086662242466
0.9888541278547814	0.673216997414355	0.9853574663883495	0.8997116027581141	0.5378101763942867
0.9921648089207492	0.638552705465048	0.9895701557275279	0.8795391960086889	0.49015884100727075
0.9908677943991586	0.6319592076798833	0.9873954584092423	0.8954149478273206	0.48675710191325694
0.9892070492839952	0.6498714716577312	0.9856185886132884	0.8149973361960984	0.5093097876237254
0.9852612336652125	0.6601526330521438	0.9789483278906831	0.8589385168708228	0.4983337456960125
0.976986883138264	0.770894594583966	0.9685574335573067	0.8886681616240741	0.5796364916379656
0.9858980733045957	0.6475762978723436	0.9808233362334413	0.8509771777313523	0.5574127852831875
0.9823947866984332	0.8191044828412748	0.9752199549940687	0.8857233246735736	0.6245573440633791
0.9878849400566497	0.6530160849957768	0.9834912357581692	0.9063230238191734	0.46116618511751056
0.988168372343405	0.6841764296436522	0.984283558066845	0.8714895621013417	0.5047213322186683
0.9894612171773378	0.6438626682026041	0.9864325529001531	0.8344793251688225	0.5535362284403528
0.9893518335173724	0.6527949241897644	0.9860930059539746	0.9166254059011567	0.48004384361480573
0.9877009750119685	0.6891060682894952	0.9848642355955403	0.8829393520680662	0.5581897574230873
0.9853160613047552	0.6596932478873944	0.9789896536515543	0.8511654095786767	0.5215952263522486
0.9849506475720321	0.6535201592639179	0.9801449620192382	0.8282079735745318	0.5532561026676904
0.9862836743772475	0.6917066023344559	0.980967337057619	0.8084787164056872	0.5667446876604768
0.9869484866810793	0.6653191998609818	0.9817660732473048	0.8374302590807615	0.4817281886434092
0.9888243140202964	0.6327606848128432	0.9843455894634695	0.8841811621171572	0.3770172799725767
0.9794934800378302	0.6119963152758443	0.9730169267123633	0.8422806967638938	0.48964738797814267
0.9886456261045091	0.6556021410605845	0.984491646265601	0.8887865628645583	0.4730762472864446
0.988162570058713	0.6491828397511514	0.9827967932903229	0.8879631890321174	0.5054768846342169
0.9855355939336807	0.7224414342015008	0.9799013098304187	0.8426273743446595	0.5328138867099412
0.9898257967982498	0.6276395171605323	0.9855131924477978	0.8198423019006428	0.484936292100683
0.9919892035582247	0.6266544576535735	0.9884255256529219	0.8296752263318539	0.504118867699763
0.9926058632408233	0.6632070229841329	0.9897277537805086	0.8785890865102653	0.4917498495204571
0.9902059266026842	0.6286299417087876	0.9871208447065543	0.8432324927394426	0.4805762961493522
0.9902519396118449	0.6482136174125076	0.9862739424662201	0.832789992916693	0.4996912230237187
0.988609185780808	0.6232450112499837	0.9846029430027181	0.8582379069286327	0.527341594955602
0.9878659174865694	0.634403705986133	0.9829061273437406	0.894428913296207	0.5182983100861429
0.9870867713706301	0.713950758904542	0.9817393672030419	0.8637158269030427	0.5130230722327562
0.9928976024025402	0.6308821150429959	0.9908585988803191	0.9212834793470512	0.4273862125373573
0.9854184939716903	0.6470932573244393	0.9802974926058088	0.8267647910222842	0.49054973913022715
0.9911892249660692	0.6567089458885389	0.9879454726194019	0.8846912011001481	0.480499212102919
0.9876602684915221	0.6716180396258605	0.9835888928556273	0.8636097770083173	0.5788768014790506
0.9914866466159543	0.662981012769588	0.9886660097406201	0.9043111496745434	0.5499169475198776
0.9879497663352301	0.6547893957634121	0.984134073976476	0.8636174678925974	0.4758362821758937
0.9910208026565115	0.6189082480618218	0.9873507400910665	0.8361730423444944	0.45553842312042686
0.9881315552744195	0.5986406806431015	0.9835625466807384	0.8137512087662547	0.4620951124030572
0.9875342836174666	0.6524493918524723	0.9842639522297845	0.879058283530351	0.5383133415824621
0.9825721513092504	0.748703626300594	0.9762508420300208	0.8088675766827295	0.6073191843837202
0.9843402404637666	0.6140029175519301	0.9781510661843247	0.826551158021009	0.4863070946137318
0.9864891485667955	0.6448076376314484	0.9818669354807369	0.8653510337494428	0.46616392221533476
0.9889945422875804	0.6495536757257926	0.9854226613144265	0.8831111083097519	0.5118811439709354
0.9880626237084419	0.6417089768223273	0.9835613892436194	0.8640306790126538	0.48041148877929746
0.9900500227901722	0.671080687290892	0.9861755833008056	0.8757047515490192	0.4806480335361881
0.9854204367406822	0.6624733290491356	0.9812761476839662	0.8565572083968904	0.5402589764254088
0.9898847062141014	0.6657351683556874	0.985947511307382	0.8918189785943343	0.48929829179192336
0.9822849123804622	0.6806064123055134	0.9751174148171227	0.8221087230373813	0.5716210187238934
0.9910628606390951	0.6735356951187471	0.9881658757530488	0.902116655857325	0.53631435829373
0.9881788463529404	0.6625618705105155	0.9835453516811473	0.8627410417152471	0.5161067351553289
0.9924846006884784	0.6720091414494437	0.9899298019402548	0.9319030775786515	0.5243068760193635
0.9920569556585707	0.6361646215855878	0.9888717999473652	0.924373853169787	0.4784449505244838
0.9900136807002955	0.635819018291645	0.9863275742275059	0.8745289387740615	0.5181758184595808
0.9937873680664768	0.6434502402000303	0.9913993256050688	0.9401825508432236	0.5497874867624792
0.9912107130984347	0.6286785631242903	0.9878650553198586	0.8994382205033886	0.41380932960218475
0.9892345013237549	0.641975087767632	0.9853274261903541	0.9268106386572308	0.5343889430377112
0.9862214709061908	0.7398599751205696	0.9821816607277193	0.9120143092363494	0.5941400215990374
0.991095627885836	0.6234972694818629	0.9881935433901305	0.8969093616884763	0.4907242694230334
0.9889831117542207	0.6475798259633533	0.9853496808057615	0.8704820329225745	0.5245406458247479
0.9893345796345193	0.6455507365699032	0.9852762649016436	0.879392590764376	0.4542855460492475
0.9893079014240457	0.6679034346107146	0.9853203172532504	0.8294292897670058	0.47530066966342094
0.990769549790298	0.6701683157007075	0.9871309873676115	0.8996963696301745	0.49915317049151237
0.9849737625557472	0.6638511496496246	0.9801305077495234	0.8583707740246987	0.52223077681476
0.9914199817044843	0.6868799705402876	0.9887077934308528	0.92680443460981	0.5207670011279386
0.9819990887631392	0.6328557605899856	0.9767891511452432	0.8452749640133772	0.5006183151774977
0.9901320633633078	0.6199988416339881	0.9856361136935556	0.8540812905246992	0.43448268715834676
0.9893594896964677	0.6364753723031699	0.985664567636897	0.8427480122688181	0.4773468717356984
0.9880876778026374	0.6319105915940763	0.9832816012154528	0.8789713223012277	0.4578607148930675
0.9925829085163808	0.6318397442132404	0.989473587294531	0.9077960064769305	0.4743837681267918
0.9862682792458662	0.7060716319398062	0.9825289741031563	0.9084194960362624	0.568907030767518
0.9890577471685497	0.6281714236983205	0.9849894091735427	0.8104011667823711	0.5143723603777937
0.9877202226331706	0.6573612200475387	0.9833116385357789	0.8339369434404471	0.49338324556974655
0.990377951937648	0.6600816320525258	0.9856883489329219	0.8307258039202563	0.47534396348768754
0.9914815037727169	0.6936269062445866	0.987437268534653	0.909782220308873	0.5116619805402971
0.9868668087732134	0.617548039531308	0.9827527246451446	0.8894244235364609	0.5140998667366332
0.9890713790313391	0.642161966537475	0.9853345280190666	0.8998951913590368	0.47032198751898424
0.9907944633890662	0.6490898954235327	0.9883587784834097	0.9118018236895967	0.4141240539132536
0.9927500167668319	0.6819629518953271	0.990711490782685	0.9304415479178824	0.4789629309033319
0.9903461447098422	0.6660085535449434	0.9866474701650101	0.9102050369883432	0.541447587706984
0.9886310333907169	0.6307064887449518	0.9849446866286521	0.8378691936000455	0.5665053240233351
0.9878361641503827	0.6529345557610041	0.9830713942629744	0.8154809909951622	0.5440528850450554
0.988760254134564	0.6182388403042204	0.9850430834523625	0.8488827986633883	0.437611848958844
0.9902837829462453	0.6982145896813299	0.9860993479218434	0.8877222866758362	0.5483310516823916
0.9833617486579268	0.6580784014473141	0.9771579177032543	0.8503888877827881	0.4865933332861869
0.9937852953208378	0.6498355474676246	0.9912512591618179	0.9317733148870474	0.48327627629698994
0.9892503667529626	0.6539728362744944	0.9855543317793325	0.8830498407460198	0.4997787654021685
0.9906323987484189	0.6648622686255339	0.9869052906926936	0.9031006803484073	0.46889189756916594
0.9881204188391592	0.641859726783437	0.9839003286487763	0.8291433901751533	0.5426935617184958
0.9907962478258482	0.6505980261107316	0.9874211346637334	0.8709263002151506	0.42319769609135777
0.9878502889233457	0.6638301562517473	0.984336393975403	0.8816422688371931	0.463143787956986
0.9915961214492057	0.6772473593955874	0.9887927746761781	0.8981880882583336	0.47815768437547707
0.9903258054467684	0.6676162986927608	0.9865310843691726	0.902799433995694	0.5087895270871982
0.9884580000651252	0.641702118891837	0.9838671991684981	0.8640842174749559	0.5044155457842441
0.98786523327952	0.6406360575122284	0.9838512797962924	0.8609215719973611	0.5361937439053351
0.9879334300536465	0.6987683171673312	0.9835343400234228	0.9009488167601044	0.4649898520923031
0.9894203571743168	0.6458793137622624	0.9853824327951752	0.8489323851108144	0.4580651988607763
0.9938435390136007	0.6519377269074078	0.9918487488789648	0.9216571770728845	0.46279665163715505
0.9913785904872368	0.6691079938162569	0.988199391975642	0.8602250303188071	0.43054837983985933
0.9852516181414952	0.7072211460736632	0.9807000123230394	0.8699607095093177	0.5250346964267577
0.9913354897380893	0.6562596131688606	0.9878818025298806	0.9006896451031976	0.4118776491926212
0.9895318298388014	0.6174448175787555	0.9848211923667421	0.8800735489642924	0.43717529014973266
0.9921166760378963	0.6678650176685104	0.9893958226666519	0.933235513795604	0.48130620592714773
0.991214487851587	0.621885497558372	0.9885936709693895	0.8813895391446271	0.5302497040700136
0.9893601020971643	0.6717051523122095	0.9848642498097293	0.8685233298574062	0.5278921172029796
0.9900246903303069	0.6424499186653497	0.9866198592946563	0.9021384838743641	0.5018771785704106
0.9930638395083213	0.6728757817067854	0.9914409033956998	0.9380120557469684	0.5139184650555281
0.9941149422395475	0.6263927317365279	0.9915907948852593	0.9306346164976496	0.4776514890055577
0.988035611946296	0.6388082749583135	0.9843967149805212	0.8387583692690669	0.5066625811601521
0.991456156227818	0.6593181461866251	0.9885030230802734	0.9255825443528318	0.47302067333451786
0.9918539931381265	0.6255796588483611	0.9870872145416363	0.9229448902612463	0.42837829383449205
0.9947246202585645	0.6384876957489338	0.992804903546491	0.9238881829835774	0.42621883717277154
0.9808726225609944	0.6259087865997193	0.9751159418581593	0.8202543296237707	0.4999339752907399
0.9931805197236256	0.6562229909100519	0.9908175919869051	0.9071317886189625	0.47539198376015224
0.9886305263318369	0.6144696252235484	0.9850307899839157	0.8788487448779663	0.519508927839638
0.9930488890875886	0.6486364431615352	0.9906052789130136	0.9400465829141242	0.4385639464297171
0.9880191352815096	0.6972781409346206	0.9843995286317935	0.9028194774795402	0.5060422981686428
0.9910776170730193	0.648666526861175	0.9877170069940676	0.8643577295470981	0.5235146016746085
0.9903673807757317	0.6491050570153604	0.9877783377556999	0.881794847069457	0.5182667984778534
0.9732444368615124	0.6881031658242932	0.9631580972838935	0.8787519892903831	0.5323173011017273
0.9816709343651123	0.6478091584026157	0.975037213671261	0.8460655048000761	0.5522231190202164
0.9870144309907372	0.6819866189364108	0.9829380744929119	0.8398480617051036	0.5189099136340196
0.9850382964503225	0.6804141244666501	0.9809609095158935	0.8703516373961916	0.5504155961542371
0.9898167754724648	0.6292030553777775	0.9856316461080977	0.8982960227831432	0.4790949392762292
0.9899472474899884	0.6686386878334333	0.986801798828805	0.8926369216733548	0.5422507230655401
0.9838250414745332	0.6330482053681867	0.9755657647859628	0.8981576694434378	0.5010554749240657
0.9914047433390051	0.6336958972517455	0.9888641623792338	0.869757676570026	0.5083320519273645
0.9887177242690489	0.6712562951632103	0.9852703650517728	0.8517349949560765	0.5507029435633825
0.99263648448821	0.671853373911346	0.9900705414681034	0.9237232722322347	0.5310931641969693
0.9898334866624666	0.6760724038721246	0.986949648243401	0.8794844524000328	0.5320914616492088
0.9862527244536088	0.680702007966845	0.9806011231081668	0.8847833780318177	0.5516198051917821
0.9912866153677211	0.6121441614208999	0.9873856649717356	0.88636002147763	0.5273477493235381
0.9878612152378808	0.672518572229658	0.9835864707906267	0.9031860181206581	0.5053683495131561
0.9893154034780358	0.6432224765797139	0.9851817407999909	0.8572571732812437	0.4922922599037637
0.9896133495713412	0.6596295893268738	0.9854991398641375	0.9208839335149931	0.45275084902432045
0.9909786629193531	0.633168001582948	0.9876249411269465	0.8896488245950883	0.4753072953864087
0.9876431470745518	0.6795252179726641	0.9835884234894635	0.8725755246463393	0.5268043496944242
0.9873360963451742	0.659699426760964	0.9821270298744565	0.8762950620087645	0.441961449947836
0.9932937898757418	0.673434053580383	0.990536200975447	0.931279687572981	0.4151982936688875
0.9914264850269717	0.6701310214726833	0.9884377584214171	0.9143304316624118	0.495032857545111
0.9938503546276393	0.6324410695519119	0.9915181643208475	0.9289194622293413	0.47088302906720125
0.9895930102603946	0.6734198422432915	0.9858583944860034	0.911713996876305	0.48739243991830383
0.9920702949110177	0.6591390358941466	0.9889894051984933	0.879353075024873	0.4474648014578018
0.9903133346281159	0.5932681216813541	0.9878468123000229	0.8811012976509965	0.5445906683703325
0.9884113372266519	0.6493469142861148	0.9840362952469324	0.9029131180635007	0.47128277545634123
0.9927638401791059	0.6845777573749103	0.9903525089717897	0.9099087982740998	0.4718676147463921
0.992003506179013	0.6684433338974964	0.9888416322222563	0.9181218397957212	0.45485389970626416
0.9897674795847096	0.6792070993724645	0.9864778390817412	0.8695190331659162	0.5503771473819684
0.9905727847295834	0.656663796223638	0.9866202928050954	0.882830396289362	0.475723348978567
0.9886506021849278	0.7446095257322122	0.9850911380526626	0.9017034969095176	0.5574993786851501
0.9794976098165401	0.7783360258309183	0.9716944102161443	0.8344331496679026	0.5976065938732807
0.9898784287314685	0.6909615854192946	0.9863700062048202	0.8963438686960913	0.5125460718067447
0.9888556494959367	0.6539360452496447	0.9860786323715901	0.907503240691398	0.4964458594120216
0.9832460915265744	0.6882511119457411	0.9775713194157754	0.8480377150576346	0.5579715567529916
0.991617402368909	0.6589083605343048	0.9878633135760563	0.910437241042897	0.4437339696688598
0.9888577040551473	0.6542939529506976	0.9845469403034378	0.8552288840056399	0.5262649569557838
0.9820080410302753	0.7430505588935106	0.9782342028671217	0.90503788782411	0.5771396536495736
0.9912431832780472	0.6639672099125479	0.9878326708241624	0.9237477372898991	0.4136692775884111
0.9907891925421393	0.6455122443950931	0.9879980512318023	0.9089850370953033	0.45794509562904817
0.9869009414341461	0.6561812164410599	0.983698058225205	0.8829375242948643	0.45560858965657147
0.9928183151645364	0.6883840060445328	0.9897213988045451	0.9128075767478919	0.48040746883074437
0.9920143812374672	0.6519824173504761	0.9893563151357193	0.9215166085110769	0.523870269828799
0.9912748076384139	0.6732418999724015	0.9888100226925229	0.9250953965610558	0.4854388039252412
0.9886408989606319	0.6309244766206838	0.9841687831131211	0.8399801723965703	0.4736497302748609
0.9907722661430745	0.7706805003105234	0.987585868268609	0.9204414136858762	0.5760396728183085
0.988487267983656	0.7127818878368436	0.984972267458013	0.8611647012479873	0.5501858875941064
0.9879054001171085	0.6576627267362107	0.9829151823728397	0.8588277414648711	0.5042035123686304
0.9833706528190352	0.7024212431774841	0.978831821497401	0.8941456843135711	0.5403581526148338
0.9868221785065819	0.6826742772245719	0.9819298056506145	0.8533928283335763	0.5817055140538611
0.9908435066501289	0.639546711884495	0.9877073158277411	0.8961845768018926	0.4719668933981144
0.9912930790579702	0.6460797270691142	0.9885746974051864	0.902460382891607	0.4306757382315878
0.9890545683676656	0.6137122283264759	0.984024062217502	0.8534626251445624	0.48943094910535706
0.9902699895693363	0.6176430814705579	0.9865738410278558	0.8336498706343443	0.47947302062740865
0.9930172790603332	0.6456912198766857	0.9902519522620188	0.9138337872906844	0.4291725547846573
0.9932014235215979	0.6517004195942929	0.9909154284577167	0.9282825965690233	0.4636592638422267
0.9938105584182984	0.667288622063313	0.9916104814542868	0.920986210608098	0.4754529240741639
0.9875903061384105	0.6811173331762402	0.9820334356694466	0.8883318328409947	0.44700929474574697
0.9915514905517628	0.6434913462457621	0.9880656968252902	0.9236567713360685	0.46708567571085213
0.987253588327127	0.6877735648963985	0.9833712200808716	0.8849807900256659	0.5359488612581482
0.9894816694079732	0.6662971736080749	0.9860181728515741	0.8775116011302719	0.5426764995431268
0.9878218650696347	0.6453961358764948	0.9838564129214823	0.8326719701912844	0.47342114920438655
0.9908244275890825	0.6735094497418606	0.9875021333806571	0.8812599980975673	0.5274689740086339
0.9901279596281318	0.5951050600504169	0.9850568506023333	0.8817886890307824	0.5173555267882347
0.9881494878781639	0.6191455989655504	0.9849584986630424	0.893898685904679	0.4596324249841881
0.9888318646500756	0.7084807366262137	0.9864115894718949	0.9106686110530764	0.5441806648506654
0.9921377768063481	0.6253739594877228	0.9888040301100774	0.8895681660763329	0.48498693877463545
0.987253287636022	0.7268973965564182	0.983121019374162	0.8807275467919615	0.5919039945755007
0.9854264414530148	0.6104464126154517	0.9788952832390224	0.8237184811740074	0.5316554434458043
0.9870850085526098	0.6421145336347585	0.981851085495923	0.8033831508562517	0.45763675948661603
0.9910156151183488	0.6478634631435858	0.9872425215005511	0.8743888619935514	0.47942439249735347
0.9922430569968959	0.6593110220937511	0.9893200696421647	0.9082814683747278	0.4323582807230149
0.986548425590951	0.646896576813692	0.9824621048342456	0.8599139508829405	0.4473688856055401
0.9883534036134308	0.6249699549669117	0.9830778223587885	0.8584429471902986	0.47764075831567193
0.9841524898153706	0.6696292738386699	0.9786451059483611	0.8711216447309597	0.556574423534076
0.9901340730883069	0.6836909392043506	0.9865908985675643	0.8640948739038375	0.5036167452637064
0.9856713150036384	0.6721501933022912	0.9815438453897237	0.8407696395727106	0.4630406091536864
0.9859962678930848	0.6297555855090633	0.9802218898068269	0.831719835419357	0.3997886636138446
0.9867905261039657	0.7072392722124692	0.9819800436085422	0.8304533826641741	0.5082472815663264
0.9879011342876228	0.6813609465681738	0.9837424996657338	0.8973725378651305	0.5375363445142031
0.9862925826665634	0.6799442391884077	0.9814492246158195	0.8697077264518159	0.47118384041896444
0.9875813804841339	0.6622956084382285	0.983964021883194	0.9094626692326153	0.5229161440308097
0.987281791828537	0.6363325787040784	0.982966290088096	0.8016269104943617	0.5309762165236307
0.9853024366616345	0.6477527023584488	0.9796000741573643	0.8097375469274076	0.4581260665625881
0.9886694570484164	0.6520872070483825	0.9839397409837966	0.8911970098910295	0.46617510887633534
0.9932969071785872	0.6307557539039655	0.9904723447475164	0.918743947276572	0.4399984739847875
0.9899288125167209	0.6453175692846282	0.9866878781094822	0.9229375870628025	0.5144895341713642
0.9824190219801822	0.7213148781140858	0.9748612158908118	0.9001193325354895	0.5145715054131753
0.9813397201203645	0.6694817407602852	0.9747772250805952	0.840278315868238	0.5007787562510561
0.9862365357161293	0.7214536219680237	0.9828250933875471	0.8800641756307584	0.5733707032476971
0.9888353754002438	0.6496753156109281	0.9850197426445744	0.9131107696958036	0.48566022976622564
0.9903500821734745	0.6173860586642993	0.9865050106587769	0.90291240805565	0.4670686062604969
0.9915393262511543	0.6189392274274449	0.9882048327814121	0.9168649334193131	0.43346764316222125
0.9875048317553345	0.6418280711631192	0.983336132674499	0.8682071389126612	0.5317597219568698
0.9934777112833026	0.6418501023619262	0.991140829868466	0.9375868196138343	0.5350102807184721
0.9910662956475846	0.6429380758434355	0.9882206454949002	0.9332363776404348	0.4704690441511125
0.9881103491180582	0.6782253418033115	0.9845174334981116	0.8942569609292009	0.5364417864485719
0.9903947747452213	0.6449596596937893	0.9857532921211183	0.885020460235204	0.5023496926980017
0.9929685595628843	0.6453573733399721	0.9900844382082746	0.893589242123395	0.43575338199685715
0.9921219458687061	0.611091321775345	0.9887014603046855	0.8734784571416913	0.4758565390642964
0.9788159861955743	0.6774262672987649	0.970937884071527	0.7724577306425547	0.524444843252557
0.9904657144988495	0.624975159939481	0.9870042621477411	0.8832910376386764	0.4614290861356631
0.9910815516378488	0.6563075896510806	0.9878264833602842	0.8580301096950395	0.4409911464555219
0.9892286058612012	0.6539956216454224	0.9856153906159243	0.904112896890605	0.45648740158310164
0.9926282485336398	0.675015787923839	0.9898890215706572	0.9076227577579098	0.47869570451366966
0.9912957819621953	0.6230177924114135	0.9879758390790003	0.921496301401786	0.45821704169060495
0.9858688676282984	0.6231773913206987	0.9796845108138368	0.8591137567278927	0.5084112106199478
0.9851616386420918	0.6467707471617878	0.9804414781869248	0.8978346800670398	0.5267379127729872
0.9854178105332153	0.708409463026532	0.979465381337182	0.8258114570382318	0.5100754997327408
0.9917022957094631	0.6298673877141967	0.9891710323993207	0.926044674057701	0.4874782804657893
0.9907972971091188	0.6651933509817882	0.9881772256072169	0.9129582675779884	0.5330909210119822
0.9865462923744993	0.6650337254072438	0.9826316285680862	0.8575515321473802	0.5886564317723583
0.9900365277131359	0.6750140671062154	0.9863185343509727	0.9169676434502015	0.5002115786640117
0.991380786049616	0.6200202724555164	0.989478148266467	0.88901461295794	0.4642698767051859
0.9867405914279969	0.6596688976050836	0.9817122407623463	0.8508074089915042	0.5560468413785943
0.9911844831506124	0.6518393237619663	0.987681767092179	0.9137089393085842	0.45328183017013685
0.9912367952471948	0.6261058214975497	0.9872624605564957	0.9117365309752219	0.4388603255735744
0.9853500835692258	0.6622329237884448	0.9807302925829605	0.8492384789774513	0.561604356388036
0.9854713308681804	0.6579676369170712	0.981178975088156	0.819782765112083	0.5117757255610416
0.9902826880712002	0.636355582679568	0.9868181437792385	0.8881073121380342	0.5437734644276987
0.9889386358127998	0.6749707079715457	0.9842957510192232	0.87836505132691	0.5245321859749207
0.9898124759743558	0.6540100519539085	0.9859904704924332	0.8862552898233981	0.5139421761847197
0.9902382934477638	0.6728655915642258	0.9878773643507662	0.8754703293751197	0.4770949614277934
0.9845244582083561	0.6500030691102051	0.9798777964850244	0.8238113873493994	0.5712644092987618
0.9917059563753601	0.696989892578911	0.9882293681806998	0.8833695493799542	0.5325017199351397
0.9914473624325347	0.6685942595606257	0.9884916941532634	0.9031968594302957	0.46579944331532536
0.9893274308025795	0.6645801914662072	0.9864727492631531	0.9042614214044102	0.5030270075893786
0.9899994092407298	0.6843819007297136	0.9877412145436235	0.9162393151618453	0.46573371981292966
0.9893404360956921	0.6588990325163463	0.9861482147272932	0.8622976174801804	0.5002768959954358
0.987431780959849	0.6468620202798246	0.9822658642503573	0.8785573679366231	0.5003246941635254
0.9866063151447291	0.6819916547317652	0.9807051512453582	0.8513343029604734	0.49619142062648114
0.9895754218195594	0.6230278789120057	0.9856242385358497	0.8708454073756405	0.4741932325124381
0.9865522814799145	0.6491249516431048	0.9818569885857432	0.8387213304607778	0.4700693452318218
0.9916028948911274	0.6231957379553485	0.9887367300810378	0.8554430916628553	0.4648627509369856
0.9947686410356499	0.6192037191090888	0.9932190769614789	0.9435660030934521	0.44106611312837174
0.988602548819476	0.6342920702981187	0.9836994627521322	0.9342071476080299	0.50687936417149
0.9895727401785479	0.6341006524050067	0.9857587631387345	0.9323384976158161	0.42855127418507377
0.9891904196934058	0.6375389072980284	0.9860113668691693	0.8971169683122998	0.5291894951273057
0.9908935157254837	0.6493238261583868	0.9873316704007055	0.9195147279778753	0.46887199096784976
0.989986583341074	0.6507055707252583	0.987059884170149	0.9187444128020763	0.4939397677492643
0.990761858593655	0.650141035731778	0.9880315687340744	0.822137743144882	0.4703805220670925
0.9860925759650107	0.6138618969389673	0.9824466151879584	0.8750771754803993	0.5221874683543907
0.9822779208479303	0.7509539273103366	0.975779975375408	0.8893118135257619	0.5133015136870102
0.9904961859112384	0.6456191583894846	0.9876105282125495	0.9101520488958945	0.5124327110825675
0.9903188666202347	0.6365731612873898	0.9872310893842233	0.8758715142674817	0.4463543641658269
0.9914656268908685	0.6536603618423358	0.9884461269696565	0.9077041190873691	0.48048564885153994
0.9880293427002667	0.6253357885840849	0.9826984656393503	0.8762789291390999	0.532287986769916
0.9855823158418685	0.637818654415284	0.9767391334743764	0.8695261272089242	0.48349496892561517
0.991614303326136	0.6574219245172245	0.9879767388776239	0.909997642255443	0.4391817136452705
0.9912405909648421	0.6691527723213437	0.9875876966625402	0.9294296259237762	0.47823775953029357
0.9928736451029339	0.638146197627596	0.9894365696215978	0.8458767228989805	0.4454433790426988
0.9922660769960538	0.6407323375120935	0.9898854550973795	0.9132528289538382	0.438354896372267
0.9851911832100292	0.5988690851028702	0.9779815288512271	0.8636731931075704	0.4716185308752795
0.9845297801896117	0.6756855547116035	0.9784067104927804	0.8246219794758886	0.5015057519596214
0.9909230007120875	0.6453917977055591	0.9873719127538862	0.8517419476472932	0.4536191524320411
0.9837694549288233	0.6388007757003685	0.9756029529246831	0.8253923368311755	0.4937687402005743
0.9889455616089311	0.6261316427848853	0.9847281351015145	0.8508663542674447	0.46975633660297317
0.9844172240306461	0.7485341673623866	0.9762740990931729	0.8211228386134545	0.5514304898221752
0.991098460163517	0.6362151471243489	0.9878402962171309	0.9218381265031367	0.4373791099868421
0.9914201365774693	0.6722290958462075	0.9883405599360475	0.9489061881780173	0.48211259224010816
0.9890899366027222	0.6348566529820414	0.9857189588817445	0.882052496531065	0.5256937729401855
0.9893108338423342	0.6829918632979516	0.985496717009828	0.9352541372418356	0.4730419334632334
0.987981295874145	0.6695036093777217	0.9841563290605089	0.931887672128817	0.4314252060163403
0.9877099438262713	0.6567077313967997	0.9837073891422039	0.8655256242433386	0.4496461639525295
0.9942278633815953	0.6419834700857304	0.9921801904131528	0.9351598584933275	0.46024302693728014
0.9850354744705361	0.6202721389256058	0.9784614497251001	0.8564078511071409	0.43309760994049845
0.9935702928088753	0.6222646263358568	0.9913392716778426	0.9006648346125408	0.3866771725851931
0.9912876087926824	0.6618074210783953	0.9882400851722193	0.8893409742947325	0.530186791934971
0.9937384588157757	0.6260076329933911	0.9910766241660112	0.9279098329619088	0.43762348339015394
0.9898698848929064	0.6491031830643836	0.9848608011427071	0.8855767980379192	0.48062076977983836
0.9925903608005189	0.6183356585972567	0.989535166264272	0.8771498573479963	0.44480753523605104
0.9838254447261436	0.6625465269764004	0.978185804567564	0.8541891780635925	0.5284645840064242
0.9857793580935844	0.6440093549446666	0.980828688242777	0.8932660393027825	0.4223137758686677
0.9937108908832568	0.6179861003518505	0.9909508444294589	0.9346899706528198	0.4400958477058978
0.9896243940850168	0.6437517918062562	0.9865184672658599	0.8439015704568001	0.46709912225991396
0.9937654283590498	0.6394686869362177	0.9913800779198347	0.9070209576353008	0.4515087001545939
0.9905188893767171	0.6149279679179489	0.9869471008629663	0.8319649448260044	0.4541395768530106
0.9909489423253393	0.6308351070595004	0.9874547354846184	0.8125364324763605	0.44676337630981366
0.9913494594664553	0.6438059827945978	0.9882777500093056	0.9068936925280314	0.5199118945320736
0.988589742400866	0.6596699656566761	0.9856810425184794	0.9043335911834759	0.48961394381605433
0.9902707504012275	0.6645157504874636	0.9872482201513433	0.9158710508175384	0.45795638261834565
0.9891007664964572	0.6785759175394579	0.9859263934529948	0.9247589049874471	0.4752169446501219
0.9931126865058023	0.655700580916964	0.9913131861131596	0.9329844698290124	0.46524887116492175
0.9919155365724754	0.6413647063265107	0.98925626329079	0.9138624343543451	0.4668183851454687
0.9889381434002565	0.6581508639351621	0.9841547082446415	0.8848118087083465	0.4871112110102329
0.9909630123356433	0.671522125495088	0.9876417234088649	0.9363194627550179	0.48883606846044764
0.9892616248968286	0.6153413903620918	0.9857609117822101	0.8439666197472756	0.473593683378659
0.9895172206479959	0.7395778546000511	0.9861758944821882	0.9009244806753475	0.5808054429608607
